{
  "n_real": 329,
  "n_target": 5000,
  "seed": 42,
  "n_pairs": 6093,
  "physics_violations_fixed": 363,
  "composition_sum_mean": 100.0,
  "composition_sum_std": 2.079756701692472e-14,
  "ks_tests": {
    "Al": {
      "statistic": 0.12906869300911855,
      "p_value": 6.056469897569083e-05
    },
    "Si": {
      "statistic": 0.24876474164133738,
      "p_value": 2.6447088391388464e-17
    },
    "Fe": {
      "statistic": 0.16495015197568388,
      "p_value": 8.278404119439642e-08
    },
    "Cu": {
      "statistic": 0.5828,
      "p_value": 1.5763958909225389e-99
    },
    "Mn": {
      "statistic": 0.18392279635258357,
      "p_value": 1.3050838816941076e-09
    },
    "Mg": {
      "statistic": 0.1238984802431611,
      "p_value": 0.00013696657311496104
    },
    "Cr": {
      "statistic": 0.790273556231003,
      "p_value": 1.9269292876335327e-202
    },
    "Ni": {
      "statistic": 0.0072,
      "p_value": 1.0
    },
    "Zn": {
      "statistic": 0.915,
      "p_value": 3.338624876745e-312
    },
    "Ti": {
      "statistic": 0.7121306990881459,
      "p_value": 1.1103820892003927e-156
    },
    "Zr": {
      "statistic": 0.9836,
      "p_value": 7.4e-323
    },
    "Sc": {
      "statistic": 0.0072,
      "p_value": 1.0
    },
    "Other": {
      "statistic": 0.0072,
      "p_value": 1.0
    }
  },
  "ks_median_p_value": 1.3050838816941076e-09,
  "near_duplicates_pct": 95.1,
  "diversity_score": 0.00013096217108110597,
  "lambda_mean": 0.4985556784787539,
  "lambda_std": 0.2536662261198104
}