{
  "target": "YS",
  "train_type": "mixup",
  "cv_summary": {
    "r2_mean": 0.7153963528275409,
    "r2_std": 0.014603677094388758,
    "rmse_mean": 17.637194023535663,
    "rmse_std": 0.578021282219261,
    "calibration_1sigma_mean": 0.966
  },
  "validation": {
    "r2": 0.6286200282121694,
    "rmse": 22.24725758994148,
    "mae": 13.304541339020716,
    "within_1sigma": 0.918918918918919,
    "within_2sigma": 0.990990990990991,
    "mean_std": 39.72427353229336
  },
  "n_train": 3500,
  "n_val": 333
}