{
  "n_real": 333,
  "n_target": 5000,
  "seed": 42,
  "n_pairs": 6174,
  "physics_violations_fixed": 360,
  "composition_sum_mean": 100.0,
  "composition_sum_std": 1.9868741535084896e-14,
  "ks_tests": {
    "Al": {
      "statistic": 0.12338978978978979,
      "p_value": 0.00013304773752508808
    },
    "Si": {
      "statistic": 0.25792372372372374,
      "p_value": 8.5457122332327165e-19
    },
    "Fe": {
      "statistic": 0.17382882882882883,
      "p_value": 1.0148787071449215e-08
    },
    "Cu": {
      "statistic": 0.585,
      "p_value": 1.803178236375247e-101
    },
    "Mn": {
      "statistic": 0.16092672672672673,
      "p_value": 1.5669388446126772e-07
    },
    "Mg": {
      "statistic": 0.11408588588588589,
      "p_value": 0.0005360425913343933
    },
    "Cr": {
      "statistic": 0.7927927927927928,
      "p_value": 1.8815858202658174e-206
    },
    "Ni": {
      "statistic": 0.0084,
      "p_value": 1.0
    },
    "Zn": {
      "statistic": 0.9194,
      "p_value": 3.557e-321
    },
    "Ti": {
      "statistic": 0.7007339339339339,
      "p_value": 1.5100663665669546e-152
    },
    "Zr": {
      "statistic": 0.984,
      "p_value": 7e-323
    },
    "Sc": {
      "statistic": 0.0084,
      "p_value": 1.0
    },
    "Other": {
      "statistic": 0.0084,
      "p_value": 1.0
    }
  },
  "ks_median_p_value": 1.0148787071449215e-08,
  "near_duplicates_pct": 95.1,
  "diversity_score": 0.00014350307180577282,
  "lambda_mean": 0.49774891004711846,
  "lambda_std": 0.2517107363153976
}