{
  "n_real": 64,
  "n_target": 2000,
  "seed": 42,
  "n_pairs": 870,
  "physics_violations_fixed": 383,
  "composition_sum_mean": 100.0,
  "composition_sum_std": 2.0309858001908663e-14,
  "ks_tests": {
    "Al": {
      "statistic": 0.265625,
      "p_value": 0.0002467027292598357
    },
    "Si": {
      "statistic": 0.38979885057471264,
      "p_value": 5.974053420266113e-09
    },
    "Fe": {
      "statistic": 0.17654454022988506,
      "p_value": 0.03729913479303359
    },
    "Cu": {
      "statistic": 0.7885057471264367,
      "p_value": 5.814923838366058e-41
    },
    "Mn": {
      "statistic": 0.35747126436781607,
      "p_value": 1.4611191710367355e-07
    },
    "Mg": {
      "statistic": 0.265625,
      "p_value": 0.0002467027292598357
    },
    "Cr": {
      "statistic": 0.96875,
      "p_value": 5.0161170539533037e-85
    },
    "Ni": {
      "statistic": 0.008620689655172414,
      "p_value": 1.0
    },
    "Zn": {
      "statistic": 0.7977011494252874,
      "p_value": 3.260315000187977e-42
    },
    "Ti": {
      "statistic": 0.4497844827586207,
      "p_value": 6.726826957089323e-12
    },
    "Zr": {
      "statistic": 0.008620689655172414,
      "p_value": 1.0
    },
    "Sc": {
      "statistic": 0.008620689655172414,
      "p_value": 1.0
    },
    "Other": {
      "statistic": 0.008620689655172414,
      "p_value": 1.0
    }
  },
  "ks_median_p_value": 0.0002467027292598357,
  "near_duplicates_pct": 92.9,
  "diversity_score": 0.00017833992011850874,
  "lambda_mean": 0.5102429538706561,
  "lambda_std": 0.25073103049243856
}