{
  "n_real": 210,
  "n_target": 4000,
  "seed": 42,
  "n_pairs": 3781,
  "physics_violations_fixed": 259,
  "composition_sum_mean": 100.0,
  "composition_sum_std": 2.2965551169856986e-14,
  "ks_tests": {
    "Al": {
      "statistic": 0.18163499200261962,
      "p_value": 3.201075055535692e-06
    },
    "Si": {
      "statistic": 0.3612674903338749,
      "p_value": 9.643202873273516e-24
    },
    "Fe": {
      "statistic": 0.1882218108084281,
      "p_value": 1.200311569514298e-06
    },
    "Cu": {
      "statistic": 0.5987833906373975,
      "p_value": 2.3820290208266245e-68
    },
    "Mn": {
      "statistic": 0.20460195715419202,
      "p_value": 8.905512528896909e-08
    },
    "Mg": {
      "statistic": 0.13932192289769652,
      "p_value": 0.0007775471507632833
    },
    "Cr": {
      "statistic": 0.9238095238095239,
      "p_value": 2.31348576441511e-210
    },
    "Ni": {
      "statistic": 0.0076699285903200215,
      "p_value": 1.0
    },
    "Zn": {
      "statistic": 0.8899761967733404,
      "p_value": 4.975460240095579e-184
    },
    "Ti": {
      "statistic": 0.7439641818113122,
      "p_value": 1.5696890531069612e-112
    },
    "Zr": {
      "statistic": 0.96932028563872,
      "p_value": 2.285363881538942e-265
    },
    "Sc": {
      "statistic": 0.0076699285903200215,
      "p_value": 1.0
    },
    "Other": {
      "statistic": 0.0076699285903200215,
      "p_value": 1.0
    }
  },
  "ks_median_p_value": 8.905512528896909e-08,
  "near_duplicates_pct": 95.1,
  "diversity_score": 0.00014802539990688146,
  "lambda_mean": 0.5013011767688677,
  "lambda_std": 0.2505832846022403
}